areaId,year,horizon,celsius,lower,upper
arabian,2026,1,28.16,27.78,28.54
arctic,2026,1,-1.44,-1.82,-1.06
atlantic-north,2026,1,21.9,21.52,22.28
atlantic-south,2026,1,17.2,16.82,17.58
baltic,2026,1,10.39,10.01,10.77
bengal,2026,1,29.05,28.67,29.43
bering,2026,1,5.12,4.74,5.5
black,2026,1,16.55,16.17,16.93
caribbean,2026,1,28.58,28.2,28.96
caspian,2026,1,16.04,15.66,16.42
coral,2026,1,27.32,26.94,27.7
gulf-mexico,2026,1,26.81,26.43,27.19
indian,2026,1,18.82,18.44,19.2
med-east,2026,1,22.26,21.88,22.64
med-west,2026,1,20.24,19.86,20.62
north-sea,2026,1,11.56,11.18,11.94
pacific-north,2026,1,23.22,22.84,23.6
pacific-south,2026,1,20.02,19.64,20.4
red,2026,1,28.79,28.41,29.17
south-china,2026,1,28.13,27.75,28.51
southern,2026,1,-0.82,-1.2,-0.44
tasman,2026,1,17.11,16.73,17.49
arabian,2027,2,28.16,27.67,28.65
arctic,2027,2,-1.44,-1.93,-0.95
atlantic-north,2027,2,21.9,21.41,22.39
atlantic-south,2027,2,17.2,16.71,17.69
baltic,2027,2,10.39,9.9,10.88
bengal,2027,2,29.05,28.56,29.54
bering,2027,2,5.12,4.63,5.61
black,2027,2,16.55,16.06,17.04
caribbean,2027,2,28.58,28.09,29.07
caspian,2027,2,16.04,15.55,16.53
coral,2027,2,27.32,26.83,27.81
gulf-mexico,2027,2,26.81,26.32,27.3
indian,2027,2,18.82,18.33,19.31
med-east,2027,2,22.26,21.77,22.75
med-west,2027,2,20.24,19.75,20.73
north-sea,2027,2,11.56,11.07,12.05
pacific-north,2027,2,23.22,22.73,23.71
pacific-south,2027,2,20.02,19.53,20.51
red,2027,2,28.79,28.3,29.28
south-china,2027,2,28.13,27.64,28.62
southern,2027,2,-0.82,-1.31,-0.33
tasman,2027,2,17.11,16.62,17.6
arabian,2028,3,28.16,27.73,28.59
arctic,2028,3,-1.44,-1.87,-1.01
atlantic-north,2028,3,21.9,21.47,22.33
atlantic-south,2028,3,17.2,16.77,17.63
baltic,2028,3,10.39,9.96,10.82
bengal,2028,3,29.05,28.62,29.48
bering,2028,3,5.12,4.69,5.55
black,2028,3,16.55,16.12,16.98
caribbean,2028,3,28.58,28.15,29.01
caspian,2028,3,16.04,15.61,16.47
coral,2028,3,27.32,26.89,27.75
gulf-mexico,2028,3,26.81,26.38,27.24
indian,2028,3,18.82,18.39,19.25
med-east,2028,3,22.26,21.83,22.69
med-west,2028,3,20.24,19.81,20.67
north-sea,2028,3,11.56,11.13,11.99
pacific-north,2028,3,23.22,22.79,23.65
pacific-south,2028,3,20.02,19.59,20.45
red,2028,3,28.79,28.36,29.22
south-china,2028,3,28.13,27.7,28.56
southern,2028,3,-0.82,-1.25,-0.39
tasman,2028,3,17.11,16.68,17.54
arabian,2029,4,28.16,27.68,28.64
arctic,2029,4,-1.44,-1.92,-0.96
atlantic-north,2029,4,21.9,21.42,22.38
atlantic-south,2029,4,17.2,16.72,17.68
baltic,2029,4,10.39,9.91,10.87
bengal,2029,4,29.05,28.57,29.53
bering,2029,4,5.12,4.64,5.6
black,2029,4,16.55,16.07,17.03
caribbean,2029,4,28.58,28.1,29.06
caspian,2029,4,16.04,15.56,16.52
coral,2029,4,27.32,26.84,27.8
gulf-mexico,2029,4,26.81,26.33,27.29
indian,2029,4,18.82,18.34,19.3
med-east,2029,4,22.26,21.78,22.74
med-west,2029,4,20.24,19.76,20.72
north-sea,2029,4,11.56,11.08,12.04
pacific-north,2029,4,23.22,22.74,23.7
pacific-south,2029,4,20.02,19.54,20.5
red,2029,4,28.79,28.31,29.27
south-china,2029,4,28.13,27.65,28.61
southern,2029,4,-0.82,-1.3,-0.34
tasman,2029,4,17.11,16.63,17.59
arabian,2030,5,28.16,27.72,28.6
arctic,2030,5,-1.44,-1.88,-1.0
atlantic-north,2030,5,21.9,21.46,22.34
atlantic-south,2030,5,17.2,16.76,17.64
baltic,2030,5,10.39,9.95,10.83
bengal,2030,5,29.05,28.61,29.49
bering,2030,5,5.12,4.68,5.56
black,2030,5,16.55,16.11,16.99
caribbean,2030,5,28.58,28.14,29.02
caspian,2030,5,16.04,15.6,16.48
coral,2030,5,27.32,26.88,27.76
gulf-mexico,2030,5,26.81,26.37,27.25
indian,2030,5,18.82,18.38,19.26
med-east,2030,5,22.26,21.82,22.7
med-west,2030,5,20.24,19.8,20.68
north-sea,2030,5,11.56,11.12,12.0
pacific-north,2030,5,23.22,22.78,23.66
pacific-south,2030,5,20.02,19.58,20.46
red,2030,5,28.79,28.35,29.23
south-china,2030,5,28.13,27.69,28.57
southern,2030,5,-0.82,-1.26,-0.38
tasman,2030,5,17.11,16.67,17.55
